Script Name,Category,Sector,Price (in rupees),Market Cap (in crores),Source,ETL Date
Flipkart India Private Limited,Unlisted,eCommerce,"231,001.00","283,928.180",wwipl,2023-09-09
National Stock Exchange of India Limited,Unlisted,Financial Service,"3,300.00","163,350.000",wwipl,2023-09-09
Tata Capital Limited,Unlisted,Investment & Holding,425.00,"151,305.093",wwipl,2023-09-09
Capgemini Technology Services India Limited,Delisted,"IT, Software","10,100.00","59,864.009",wwipl,2023-09-09
Bundl Technologies Private Limited,Unlisted,Food Delivery,361.00,"59,315.077",wwipl,2023-09-09
SBI Funds Management Limited,Unlisted,Financial Service,"1,055.00","53,089.097",wwipl,2023-09-09
HDB Financial Services Limited,Unlisted,Financial Service,655.00,"51,836.640",wwipl,2023-09-09
Oravel Stays Limited,Pre IPO,eCommerce,72.00,"43,620.480",wwipl,2023-09-09
Tata Technologies Limited,Pre IPO,"IT, Software",925.00,"37,524.339",wwipl,2023-09-09
Nayara Energy Limited,Delisted,"Energy, Oil & Gas",230.00,"34,282.907",wwipl,2023-09-09
Go Digit,Unlisted,General Insurance,354.00,"30,940.233",wwipl,2023-09-09
HDFC Ergo General Insurance Company Limited,Unlisted,Health Insurance,370.00,"26,440.792",wwipl,2023-09-09
Anheuser Busch Inbev India Limited,Delisted,Breweries & Distilleries,365.00,"22,505.093",wwipl,2023-09-09
Atlas Copco India Private Limited,Delisted,Equipment,"10,000.00","21,871.393",wwipl,2023-09-09
Roppen Transportation Services Pvt Ltd,Unlisted,Transport,"16,645.00","21,664.067",wwipl,2023-09-09
Hexaware Technologies Limited,Delisted,"IT, Software",580.00,"17,645.058",wwipl,2023-09-09
Waaree Energies Limited,Pre IPO,Renewable Energy,725.00,"17,644.040",wwipl,2023-09-09
HDFC Securities Limited,Unlisted,Financial Service,"11,100.00","17,643.006",wwipl,2023-09-09
Shriram General Insurance Co Limited,Unlisted,General Insurance,630.00,"16,327.253",wwipl,2023-09-09
Care Health Insurance Limited,Unlisted,Health Insurance,171.00,"16,112.143",wwipl,2023-09-09
Hero FinCorp Limited,Unlisted,Financial Service,"1,160.00","14,767.574",wwipl,2023-09-09
PNB Metlife India Insurance Company Limited,Unlisted,Life Insurance,70.00,"14,090.190",wwipl,2023-09-09
National Securities Depository Limited,Pre IPO,Financial Service,700.00,"14,000.000",wwipl,2023-09-09
SBI General Insurance Company Ltd,Unlisted,General Insurance,569.00,"12,387.996",wwipl,2023-09-09
Vikram Solar Limited,Pre IPO,Renewable Energy,350.00,"9,059.050",wwipl,2023-09-09
Imagine Marketing Limited,Pre IPO,Consumer Durable,890.00,"8,546.697",wwipl,2023-09-09
Reliance General Insurance Company Limited,Unlisted,General Insurance,333.00,"8,437.084",wwipl,2023-09-09
Acevector Limited,Unlisted,eCommerce,200.00,"7,946.118",wwipl,2023-09-09
Signify Innovations India Limited,Unlisted,Consumer Durable,"1,375.00","7,908.621",wwipl,2023-09-09
Cochin International Airport Limited,Unlisted,Airport,186.00,"7,115.890",wwipl,2023-09-09
Chennai Super Kings Cricket Limited,Unlisted,Sports Franchisee,169.00,"6,412.283",wwipl,2023-09-09
API Holdings Ltd,Pre IPO,eCommerce,9.80,"6,019.200",wwipl,2023-09-09
Motilal Oswal Home Finance Limited,Unlisted,Financial Service,9.25,"5,580.938",wwipl,2023-09-09
Lava International Limited,Pre IPO,Consumer Durable,90.00,"5,179.192",wwipl,2023-09-09
Philips India Limited,Delisted,Healthcare,875.00,"5,032.759",wwipl,2023-09-09
Shriram Life Insurance Company Limited,Unlisted,Life Insurance,261.00,"4,681.688",wwipl,2023-09-09
Otis Elevator Company India Ltd,Delisted,Machinery,"3,750.00","4,428.083",wwipl,2023-09-09
Paymate India Limited,Unlisted,Financial Service,360.00,"4,309.376",wwipl,2023-09-09
ESL Steel Limited,Delisted,"Metal, Steel & Iron",22.90,"4,234.279",wwipl,2023-09-09
Incred Financial Services Limited,Unlisted,Financial Service,100.00,"3,881.337",wwipl,2023-09-09
Indian Potash Limited,Unlisted,Fertilisers,"1,300.00","3,717.636",wwipl,2023-09-09
LE Travenues Technology Limited,Pre IPO,Tours & Travels,94.00,"3,588.320",wwipl,2023-09-09
Sterlite Power Transmission Limited,Unlisted,Power & Electricity,570.00,"3,487.260",wwipl,2023-09-09
Merino Industries Limited,Unlisted,Plywood & Laminates,"3,030.00","3,446.679",wwipl,2023-09-09
Versuni India Home Solutions Limited,Unlisted,Consumer Durable,590.00,"3,393.517",wwipl,2023-09-09
Polymatech Electronics Limited,Unlisted,Electricals,450.00,"3,234.429",wwipl,2023-09-09
Goa Shipyard Limited,Unlisted,Shipping,272.00,"3,166.182",wwipl,2023-09-09
Carrier Airconditioning and Refrigeration Limited,Delisted,Airconditioning,290.00,"3,084.926",wwipl,2023-09-09
ELCID Investments Limited,Illiquid/unquoted,Financial Service,"150,999.00","3,019.980",wwipl,2023-09-09
Fincare Small Finance Bank Limited,Unlisted,Financial Service,136.00,"3,002.604",wwipl,2023-09-09
The Hindustan Times Limited,Unlisted,Media,730.00,"2,996.092",wwipl,2023-09-09
B9 Beverages Limited,Unlisted,Breweries & Distilleries,590.00,"2,818.318",wwipl,2023-09-09
BVG India Limited,Unlisted,Facility Management,"1,020.00","2,717.770",wwipl,2023-09-09
Camac Commercial Company Limited,Illiquid/unquoted,Real Estate,"28,800.00","2,542.464",wwipl,2023-09-09
TRL Krosaki Refractories Limited,Unlisted,"Metal, Steel & Iron","1,200.00","2,508.000",wwipl,2023-09-09
Bharat Nidhi Limited,Unlisted,Other,"8,600.00","2,494.568",wwipl,2023-09-09
C and S Electric Limited,Unlisted,Electric Equipment,550.00,"2,434.743",wwipl,2023-09-09
DFM Foods Limited,Delisted,FMCG,467.00,"2,347.854",wwipl,2023-09-09
Bofa Securities India Limited,Unlisted,Financial Service,"1,000.00","2,315.504",wwipl,2023-09-09
Digvijay Finlease Limited,Unlisted,Financial Service,"1,600.00","2,121.507",wwipl,2023-09-09
PNB Finance And Industries Limited,Unlisted,NBFC,"6,555.00","2,097.600",wwipl,2023-09-09
Hutti Gold Mines Company Limited,Unlisted,Mining & Minerals,"70,700.00","2,094.162",wwipl,2023-09-09
ESDS Software Solution Limited,Pre IPO,"IT, Software",225.00,"2,090.119",wwipl,2023-09-09
Kurlon Enterprise Limited,Unlisted,Consumer Durable,560.00,"2,046.927",wwipl,2023-09-09
Taparia Tools Limited,Illiquid/unquoted,Other,"1,313.00","1,992.970",wwipl,2023-09-09
Inox Leasing And Finance Limited,Unlisted,Financial Service,"2,000.00","1,980.010",wwipl,2023-09-09
Hotahoti Wood Products Limited,Illiquid/unquoted,Financial Service,990.00,"1,979.996",wwipl,2023-09-09
Arohan Financial Services Limited,Unlisted,Financial Service,125.00,"1,977.227",wwipl,2023-09-09
Utkarsh Coreinvest Limited,Unlisted,Financial Service,190.00,"1,869.998",wwipl,2023-09-09
Fino PayTech Limited,Unlisted,Financial Service,140.00,"1,863.088",wwipl,2023-09-09
Tongani Tea Company Limited,Unlisted,"Tea, Coffee & Plantation","1,000.00","1,857.750",wwipl,2023-09-09
One Mobikwik Systems Limited,Pre IPO,Financial Service,320.00,"1,829.905",wwipl,2023-09-09
Studds Accessories Limited,Unlisted,Safety Accessories,835.00,"1,643.004",wwipl,2023-09-09
CTR Manufacturing Industries Private Limited,Unlisted,Electric Equipment,"90,000.00","1,594.710",wwipl,2023-09-09
Bharat Hotels Limited,Delisted,Hotel or Catering,205.00,"1,557.820",wwipl,2023-09-09
GKN Driveline India Limited,Delisted,Auto Ancillaries,"1,175.00","1,500.835",wwipl,2023-09-09
Fincare Business Services Limited,Unlisted,Financial Service,45.50,"1,500.363",wwipl,2023-09-09
IKF Finance Limited,Unlisted,Financial Service,221.00,"1,427.109",wwipl,2023-09-09
National Commodity And Derivatives Exchange Limited,Unlisted,Financial Service,275.00,"1,393.590",wwipl,2023-09-09
Indofil Industries Limited,Unlisted,Pesticides,650.00,"1,387.825",wwipl,2023-09-09
Mohan Meakin Limited,Unlisted,Breweries & Distilleries,"1,625.00","1,382.628",wwipl,2023-09-09
Arch Pharma Labs Limited,Delisted,Other,90.10,"1,368.826",wwipl,2023-09-09
Manjushree Technopack Limited,Delisted,Packaging,"1,010.00","1,368.318",wwipl,2023-09-09
Orbis Financial Corporation Limited,Unlisted,Financial Service,115.00,"1,306.780",wwipl,2023-09-09
Capital Small Finance Bank Limited,Pre IPO,Financial Service,375.00,"1,287.696",wwipl,2023-09-09
Kannur International Airport Limited,Unlisted,Airport,93.00,"1,244.702",wwipl,2023-09-09
Gandhar Oil Refinery India Limited,Unlisted,"Energy, Oil & Gas",300.00,"1,221.699",wwipl,2023-09-09
Afcons Infrastructure Limited,Unlisted,Construction,34.00,"1,158.510",wwipl,2023-09-09
India Exposition Mart Limited,Pre IPO,Other,135.00,"1,004.733",wwipl,2023-09-09
SMC Global Securities Limited,Illiquid/unquoted,Financial Service,88.00,995.583,wwipl,2023-09-09
Ambadi Investments Limited,Unlisted,Investment & Holding,"4,000.00",977.209,wwipl,2023-09-09
Infrastructure Leasing And Financial Services Ltd,Unlisted,Infrastructure,70.00,898.823,wwipl,2023-09-09
A V Thomas And Company Limited,Unlisted,"Tea, Coffee & Plantation","16,750.00",787.585,wwipl,2023-09-09
Maharaja Shree Umaid Mills Limited,Delisted,"Textiles, Yarn, Cotton & Spinning",125.00,743.606,wwipl,2023-09-09
Kanara Consumer Products Ltd,Unlisted,Household Products,490.00,729.248,wwipl,2023-09-09
Dalmia Bharat Refractories Limited,Illiquid/unquoted,"Metal, Steel & Iron",148.00,654.162,wwipl,2023-09-09
Orissa Sponge Iron And Steel Limited,Suspended,"Metal, Steel & Iron",219.00,652.401,wwipl,2023-09-09
Vanaz Engineers Limited,Unlisted,Auto Ancillaries,"3,000.00",647.316,wwipl,2023-09-09
Lakeshore Hospital And Research Centre Ltd,Unlisted,Hospital,64.00,640.000,wwipl,2023-09-09
Sital Leasing And Finance Limited,Illiquid/unquoted,Financial Service,10.00,612.574,wwipl,2023-09-09
Carol Info Services Limited,Delisted,"IT, Software",171.00,605.964,wwipl,2023-09-09
Sri Sarvaraya Sugars Limited,Illiquid/unquoted,Sugar,"1,920.00",585.232,wwipl,2023-09-09
Essel Mining and Industries Limited,Unlisted,Mining & Minerals,2.90,576.605,wwipl,2023-09-09
Axles India Limited,Unlisted,Auto Ancillaries,220.00,560.794,wwipl,2023-09-09
Deepak Industries Limited,Unlisted,Auto Components,"1,400.00",553.901,wwipl,2023-09-09
Trident India Limited,Illiquid/unquoted,"Textiles, Yarn, Cotton & Spinning",1.10,549.939,wwipl,2023-09-09
Jolly Board Limited,Unlisted,Forestry & Wood,"12,000.00",545.604,wwipl,2023-09-09
Transformers And Electricals Kerala Limited,Delisted,Electric Equipment,125.00,537.092,wwipl,2023-09-09
Elofic Industries Limited,Unlisted,Auto Ancillaries,"2,100.00",526.758,wwipl,2023-09-09
Alba Polymers Limited,Illiquid/unquoted,Service,350.00,514.946,wwipl,2023-09-09
Roots Multiclean Limited,Unlisted,Other,"2,520.00",504.000,wwipl,2023-09-09
Midland Microfin Limited,Unlisted,Financial Service,110.00,501.272,wwipl,2023-09-09
Parry Agro Industries Limited,Delisted,Agro Products,"1,200.00",450.818,wwipl,2023-09-09
Martin And Harris Laboratories Limited,Unlisted,Pharma,"1,080.00",431.572,wwipl,2023-09-09
Metropolitan Stock Exchange Of India Limited,Unlisted,Financial Service,0.86,414.107,wwipl,2023-09-09
Frick India Limited,Illiquid/unquoted,Auto Ancillaries,"6,900.00",413.983,wwipl,2023-09-09
Jana Small Finance Bank Limited,Unlisted,Financial Service,75.00,412.340,wwipl,2023-09-09
Lotte India Corporation Limited,Delisted,Other,350.00,380.232,wwipl,2023-09-09
Balmer Lawrie Van Leer Limited,Unlisted,Packaging,199.00,357.699,wwipl,2023-09-09
Credo Mineral Industries Limited,Unlisted,Mining & Minerals,54.00,354.710,wwipl,2023-09-09
Ganga Care Hospital Limited,Unlisted,Healthcare,298.00,353.503,wwipl,2023-09-09
Akme Fintrade India Limited,Unlisted,NBFC,110.00,348.425,wwipl,2023-09-09
Hira Ferro Alloys Limited,Delisted,"Metal, Steel & Iron",150.00,347.828,wwipl,2023-09-09
Honeywell Electrical Devices And Systems India Limited,Unlisted,Electric Equipment,"3,600.00",342.590,wwipl,2023-09-09
Maharashtra Knowledge Corporation Limited,Unlisted,Education,420.00,339.368,wwipl,2023-09-09
Xerox India Limited,Delisted,Office Automation,74.10,332.027,wwipl,2023-09-09
U P Electricals Limited,Illiquid/unquoted,Electricals,172.65,317.900,wwipl,2023-09-09
Ring Plus Aqua Limited,Unlisted,Auto Components,405.00,314.145,wwipl,2023-09-09
Blossom Industries Limited,Unlisted,Breweries & Distilleries,85.00,313.579,wwipl,2023-09-09
Turanth Suraksha Insurance Web Aggregator Private Limited,Unlisted,Financial Service,700.00,308.147,wwipl,2023-09-09
Rasoi Limited,Delisted,FMCG,"31,500.00",304.290,wwipl,2023-09-09
Godavari Biorefineries Limited,Pre IPO,Miscellaneous,71.00,297.795,wwipl,2023-09-09
Danfoss Systems Limited,Unlisted,Power & Electricity,425.00,295.800,wwipl,2023-09-09
Gannon Dunkerley and Co Limited,Unlisted,Other,"1,100.00",295.680,wwipl,2023-09-09
Indian Commodity Exchange Limited,Unlisted,Financial Service,4.00,294.400,wwipl,2023-09-09
Moneytech Finlease Limited,Illiquid/unquoted,Financial Service,372.00,286.280,wwipl,2023-09-09
Eastern Investments Limited,Illiquid/unquoted,Financial Service,"2,000.00",283.791,wwipl,2023-09-09
ETA Karnataka Estates Limited,Unlisted,"Textiles, Yarn, Cotton & Spinning",130.00,279.583,wwipl,2023-09-09
Capricon Realty Limited,Unlisted,Real Estate,"300,006.00",269.915,wwipl,2023-09-09
Verum Properties Limited,Illiquid/unquoted,Real Estate,391.25,258.127,wwipl,2023-09-09
Schneider Electric President Systems Limited,Delisted,Electric Equipment,426.00,257.645,wwipl,2023-09-09
Hella India Lighting Limited,Unlisted,Auto Components,810.00,256.883,wwipl,2023-09-09
Panasonic Appliances India Company Limited,Delisted,Household Products,202.00,256.070,wwipl,2023-09-09
Garg Acrylics Limited,Illiquid/unquoted,Miscellaneous,383.75,254.917,wwipl,2023-09-09
San Engineering And Locomotive Company Limited,Unlisted,Auto Components,550.00,244.750,wwipl,2023-09-09
India Carbon Limited,Unlisted,Chemical,900.00,238.500,wwipl,2023-09-09
AMNS Ports India Limited,Unlisted,Shipping,35.10,231.956,wwipl,2023-09-09
NCL Buildtek Limited,Unlisted,Building Materials,195.00,225.615,wwipl,2023-09-09
ACS Technologies Limited,Unlisted,"IT, Software",40.00,222.968,wwipl,2023-09-09
UP Twiga Fiberglass Limited,Unlisted,Other,280.00,222.343,wwipl,2023-09-09
Mcnally Sayaji Engineering Limited,Illiquid/unquoted,Equipment,175.00,220.312,wwipl,2023-09-09
Inkel Limited,Unlisted,Infrastructure,12.00,213.377,wwipl,2023-09-09
Hindusthan Engineering And Industries Ltd,Unlisted,Other,144.00,212.334,wwipl,2023-09-09
Wintac Limited,Delisted,Pharma,207.00,207.502,wwipl,2023-09-09
IHP Finvest Limited,Unlisted,Financial Service,"3,600.00",205.122,wwipl,2023-09-09
Malayalam Communications Limited,Unlisted,Entertainment,"25,000.00",197.280,wwipl,2023-09-09
Berar Finance Limited,Delisted,Financial Service,155.00,191.221,wwipl,2023-09-09
Nayara Energy Limited 8 NCD 15DC25 FVRS350,Delisted,"Energy, Oil & Gas",255.00,187.125,wwipl,2023-09-09
Pharmed Limited,Delisted,Healthcare,430.00,185.167,wwipl,2023-09-09
T Stanes and Company Limited,Unlisted,Hotel or Catering,770.00,182.196,wwipl,2023-09-09
J K Cotton Limited,Unlisted,"Textiles, Yarn, Cotton & Spinning",36.00,174.004,wwipl,2023-09-09
Resins and Plastics Limited,Illiquid/unquoted,Other,415.00,173.150,wwipl,2023-09-09
Gujarat NRE Coke Limited,Suspended,Other,1.00,165.094,wwipl,2023-09-09
Bagrrys India Private Limited,Unlisted,FMCG,"2,100.00",161.618,wwipl,2023-09-09
Empire Spices and Foods Limited,Unlisted,FMCG,329.00,159.257,wwipl,2023-09-09
Maxvalue Credits And Investments Limited,Unlisted,Financial Service,5.10,158.891,wwipl,2023-09-09
Bliss Enterprises,Unlisted,Miscellaneous,18.00,154.625,wwipl,2023-09-09
J K Investo Trade India Limited,Delisted,Investment & Holding,210.00,153.766,wwipl,2023-09-09
Midland Rubber And Produce Co Ltd,Unlisted,"Tea, Coffee & Plantation","3,880.00",150.965,wwipl,2023-09-09
The Indian Steel And Wire Products Limited,Delisted,"Metal, Steel & Iron",250.00,149.797,wwipl,2023-09-09
Asiatic Oxygen Ltd,Unlisted,Chemical,900.00,148.687,wwipl,2023-09-09
Panasonic AVC Networks India Company Limited,Unlisted,Other,29.00,145.000,wwipl,2023-09-09
Mitsubishi Heavy Industries India Precision Tools Limited,Unlisted,Other,207.00,144.279,wwipl,2023-09-09
The Delhi Flour Mills Company Limited,Unlisted,Food & Beverages,720.13,131.480,wwipl,2023-09-09
The Ramaraju Surgical Cotton Mills Limited,Unlisted,"Textiles, Yarn, Cotton & Spinning",320.00,127.933,wwipl,2023-09-09
Asscher Enterprises Limited,Unlisted,Trading,111.00,126.536,wwipl,2023-09-09
Vajresh Consultants Limited,Unlisted,Other,110.00,126.072,wwipl,2023-09-09
Bhishma Realty Limited,Unlisted,Real Estate,"125,100.00",123.749,wwipl,2023-09-09
The Hooghly Mills Company Ltd,Illiquid/unquoted,"Textiles, Yarn, Cotton & Spinning",150.00,119.070,wwipl,2023-09-09
The Mysore Lamp Work Ltd,Unlisted,Other,100.00,118.102,wwipl,2023-09-09
Proyuga Advanced Technologies Limited,Unlisted,Artificial Intelligence,25.00,113.388,wwipl,2023-09-09
Mohindra Fasteners Limited,Unlisted,Other,190.00,111.958,wwipl,2023-09-09
The Mysore Paper Mills Limited,Unlisted,Paper,9.00,107.004,wwipl,2023-09-09
Electronica Plastic Machines Limited,Delisted,Equipment,"4,100.00",104.977,wwipl,2023-09-09
Roop Ultrasonix Limited,Unlisted,Other,150.00,104.498,wwipl,2023-09-09
English Indian Clays Limited,Unlisted,Other,20.50,103.066,wwipl,2023-09-09
OEN India Limited,Delisted,Auto LCVS & HCVS,200.00,101.985,wwipl,2023-09-09
Arkfin Investments Private Limited,Unlisted,NBFC,50.00,100.231,wwipl,2023-09-09
Electronica Finance Limited,Delisted,NBFC,34.00,98.872,wwipl,2023-09-09
Bombay Swadeshi Stores Limited,Unlisted,Other,200.00,98.800,wwipl,2023-09-09
Market Simplified India Limited,Unlisted,"IT, Software",44.00,94.113,wwipl,2023-09-09
MSE Financial Services Limited,Unlisted,Financial Service,7.00,93.877,wwipl,2023-09-09
Cable Corporation of India Ltd,Delisted,Cables,12.10,93.517,wwipl,2023-09-09
Balasore Alloys Limited,Suspended,Metal,10.00,93.325,wwipl,2023-09-09
Avlokiteshvar Valinv Limited,Unlisted,Financial Service,250.00,92.284,wwipl,2023-09-09
Anglo French Drugs And Industries Limited,Illiquid/unquoted,Pharma,745.00,91.887,wwipl,2023-09-09
Smile Microfinance Limited,Unlisted,Financial Service,52.00,90.166,wwipl,2023-09-09
Anugraha Valve Castings Limited,Unlisted,Hotel or Catering,255.00,89.926,wwipl,2023-09-09
Mint Investments Limited,Illiquid/unquoted,Investment & Holding,162.00,89.748,wwipl,2023-09-09
ICL Fincorp Limited,Unlisted,Financial Service,20.10,89.113,wwipl,2023-09-09
Shivalik Agro Poly Products Ltd,Unlisted,Plastic,970.00,85.942,wwipl,2023-09-09
KLM Axiva Finvest Limited,Pre IPO,Financial Service,16.20,85.499,wwipl,2023-09-09
Partap Industries Limited,Illiquid/unquoted,"Textiles, Yarn, Cotton & Spinning",399.70,85.332,wwipl,2023-09-09
Salaya Bulk Terminals Limited,Unlisted,Shipping,20.20,84.417,wwipl,2023-09-09
Beetel Teletech Limited,Unlisted,Telecomm,165.00,84.012,wwipl,2023-09-09
Apex Auto Limited,Unlisted,Auto Components,150.00,83.010,wwipl,2023-09-09
SPML India Limited,Illiquid/unquoted,Financial Service,20.45,80.625,wwipl,2023-09-09
Consolidated Construction Consortium Limited,Delisted,Construction,2.00,79.702,wwipl,2023-09-09
Merind Limited,Delisted,Investment & Holding,216.00,78.667,wwipl,2023-09-09
Webfil Limited,Unlisted,Digital Equipment,92.00,78.499,wwipl,2023-09-09
Naga Limited,Illiquid/unquoted,FMCG,55.00,78.364,wwipl,2023-09-09
Dalmia Laminators Limited,Illiquid/unquoted,Other,191.00,78.024,wwipl,2023-09-09
Sunayana Investment Company Limited,Illiquid/unquoted,Investment & Holding,34.00,75.623,wwipl,2023-09-09
Genesis Finance Company Limited,Illiquid/unquoted,Financial Service,15.95,74.003,wwipl,2023-09-09
Gammon India Limited,Suspended,Building Materials,2.00,73.769,wwipl,2023-09-09
Mayasheel Retail India Limited,Unlisted,"Textiles, Yarn, Cotton & Spinning",25.00,73.750,wwipl,2023-09-09
Kingfisher Airlines Limited,Delisted,Other,0.91,73.594,wwipl,2023-09-09
Sree Satyanarayana Spinning Mills Ltd,Illiquid/unquoted,"Textiles, Yarn, Cotton & Spinning",700.00,73.507,wwipl,2023-09-09
ELGI Ultra Industries Limited,Unlisted,Household Products,400.00,72.396,wwipl,2023-09-09
KCL Limited,Illiquid/unquoted,Paper,233.00,69.902,wwipl,2023-09-09
Guindy Machine Tools Limited,Unlisted,Equipment,191.00,69.367,wwipl,2023-09-09
Premier Cryogenics Limited,Unlisted,"Energy, Oil & Gas",140.00,68.935,wwipl,2023-09-09
Sasvitha Home Finance Limited,Unlisted,Financial Service,25.00,67.223,wwipl,2023-09-09
Tarini Enterprises Limited,Illiquid/unquoted,Retail,198.60,66.988,wwipl,2023-09-09
Anand I Power Limited,Delisted,Auto Ancillaries,20.00,66.673,wwipl,2023-09-09
Vam Holdings Limited,Unlisted,Investment & Holding,"1,800.00",65.646,wwipl,2023-09-09
Placid Limited,Unlisted,NBFC,"1,207.00",64.827,wwipl,2023-09-09
Absolute Sports Private Limited,Unlisted,Media,"3,303.00",62.316,wwipl,2023-09-09
Manipal Housing Finance Syndicate Limited,Unlisted,NBFC,72.50,61.663,wwipl,2023-09-09
Sri Vishnu Shankar Mill Limited,Unlisted,"Textiles, Yarn, Cotton & Spinning",405.00,60.750,wwipl,2023-09-09
Gobind Sugar Mills Limited,Unlisted,Other,125.00,55.913,wwipl,2023-09-09
Mewar Polytex Limited,Delisted,"Textiles, Yarn, Cotton & Spinning",171.00,55.233,wwipl,2023-09-09
Assam Carbon Products Limited,Unlisted,Electricity,200.00,55.112,wwipl,2023-09-09
BGSE Properties and Securities Limited,Unlisted,Financial Service,15.00,55.038,wwipl,2023-09-09
Mysore Paints And Varnish Limited,Unlisted,Paint & Varnishes,520.00,53.901,wwipl,2023-09-09
Farmax India Limited,Delisted,FMCG,1.00,53.417,wwipl,2023-09-09
Auckland International Limited,Unlisted,Hotel or Catering,129.00,52.978,wwipl,2023-09-09
Marvel Vinyls Limited,Delisted,Other,124.00,52.758,wwipl,2023-09-09
U P Asbestos Limited,Illiquid/unquoted,Construction,57.00,51.911,wwipl,2023-09-09
Sri Kannapiran Mills Limited,Unlisted,"Textiles, Yarn, Cotton & Spinning",95.00,51.489,wwipl,2023-09-09
Kamarhatty Company Limited,Unlisted,Hotel or Catering,90.00,50.553,wwipl,2023-09-09
Amtek Auto Limited,Suspended,Auto Components,2.00,49.651,wwipl,2023-09-09
Sri Chamundeswari Sugars Limited,Delisted,Sugar,20.00,48.909,wwipl,2023-09-09
Pratibha Industries Limited,Suspended,Engineering,2.00,47.719,wwipl,2023-09-09
Kusum Industrial Gases Limited,Unlisted,"Energy, Oil & Gas",400.00,47.501,wwipl,2023-09-09
The Travancore Rubber and Tea Company,Unlisted,"Tea, Coffee & Plantation","1,150.00",47.150,wwipl,2023-09-09
BT Syndicate Limited,Illiquid/unquoted,Bank,4.55,46.724,wwipl,2023-09-09
SVOGL Oil Gas and Energy Limited,Delisted,"Energy, Oil & Gas",10.00,46.361,wwipl,2023-09-09
Oswal Minerals Limited,Illiquid/unquoted,Mining & Minerals,60.10,45.378,wwipl,2023-09-09
BS Limited,Delisted,Electric Equipment,1.00,44.168,wwipl,2023-09-09
SBI Home Finance Limited,Suspended,NBFC,29.10,43.650,wwipl,2023-09-09
Sterling Biotech Limited,Suspended,Chemical,1.00,43.304,wwipl,2023-09-09
Amol Minechem Limited,Unlisted,Chemical,525.00,43.005,wwipl,2023-09-09
APL Metals Limited,Illiquid/unquoted,Hotel or Catering,40.00,42.906,wwipl,2023-09-09
Sri Chakra Cement Limited,Delisted,Cement,47.10,42.390,wwipl,2023-09-09
Trans Globe Textiles Limited,Illiquid/unquoted,"Textiles, Yarn, Cotton & Spinning",180.00,40.709,wwipl,2023-09-09
Hicks Thermometers India Limited,Unlisted,Healthcare,"1,450.00",39.948,wwipl,2023-09-09
Badra Estates And Industries Limited,Unlisted,"Tea, Coffee & Plantation","1,125.00",39.545,wwipl,2023-09-09
Rydak Syndicate Limited,Unlisted,Agriculture & Agro Products,400.00,38.925,wwipl,2023-09-09
North Eastern Publishing And Advertising Co Ltd,Illiquid/unquoted,Publication,9.30,37.671,wwipl,2023-09-09
Amalgamations Repco Limited,Unlisted,Auto Components,392.00,37.157,wwipl,2023-09-09
MIL Industries Limited,Unlisted,Other,117.00,36.855,wwipl,2023-09-09
Prudential Sugar Corporation Limited,Suspended,Food & Drinks,11.20,36.122,wwipl,2023-09-09
The Scottish Assam India Limited,Unlisted,"Tea, Coffee & Plantation",446.00,35.680,wwipl,2023-09-09
Manikaran Power Limited,Unlisted,Power & Electricity,10.00,35.353,wwipl,2023-09-09
Bihariji Ispat Udyog Limited,Illiquid/unquoted,Financial Service,58.00,34.800,wwipl,2023-09-09
NCL Holdings Limited,Unlisted,Investment & Holding,60.00,34.710,wwipl,2023-09-09
Hemadri Cements Limited,Illiquid/unquoted,Cement,52.00,34.684,wwipl,2023-09-09
AdTech Systems Limited,Illiquid/unquoted,Financial Service,29.10,34.669,wwipl,2023-09-09
Purbanchal Prestressed Limited,Illiquid/unquoted,Financial Service,8.65,34.573,wwipl,2023-09-09
Marble Finvest Limited,Illiquid/unquoted,Financial Service,123.35,34.526,wwipl,2023-09-09
ASEL Financial Services Limited,Unlisted,Financial Service,46.10,34.470,wwipl,2023-09-09
DEYS Medical Stores Manufacturing Limited,Unlisted,Pharma,400.00,34.047,wwipl,2023-09-09
The Calcutta Stock Exchange Limited,Unlisted,Financial Service,550.00,33.619,wwipl,2023-09-09
Uniply Industries Limited,Suspended,Miscellaneous,2.00,33.529,wwipl,2023-09-09
Operational Energy Group India Limited,Illiquid/unquoted,Power & Electricity,25.70,33.517,wwipl,2023-09-09
DSE Estates Limited,Unlisted,Financial Service,11.00,33.438,wwipl,2023-09-09
Essar Ports Limited,Unlisted,Other,10.01,32.620,wwipl,2023-09-09
MIL Industries and Aerospace Limited,Unlisted,AEROSPACE,100.00,31.500,wwipl,2023-09-09
Rajlaxmi Industries Limited,Suspended,"Textiles, Yarn, Cotton & Spinning",1.00,31.000,wwipl,2023-09-09
Bhatkawa Tea Industries Limited,Illiquid/unquoted,Hotel or Catering,136.00,30.464,wwipl,2023-09-09
Fancy Fittings Limited,Illiquid/unquoted,Miscellaneous,93.40,30.430,wwipl,2023-09-09
Bijni Dooars Tea Co Ltd,Illiquid/unquoted,"Tea, Coffee & Plantation",500.00,30.000,wwipl,2023-09-09
Down Town Hospital Limited,Unlisted,Hospital,100.00,30.000,wwipl,2023-09-09
Jagadishwar Pharmaceuticals Works Limited,Illiquid/unquoted,Pharma,10.01,29.730,wwipl,2023-09-09
Bateli Tea Company Limited,Unlisted,Other,"1,350.00",28.921,wwipl,2023-09-09
Svarnim Trade Udyog Limited,Illiquid/unquoted,Trading,117.00,28.449,wwipl,2023-09-09
Pine Animation Limited,Suspended,"IT, Software",1.00,27.700,wwipl,2023-09-09
East India Pharmaceutical Works Limited,Unlisted,Pharma,40.00,26.700,wwipl,2023-09-09
Nicco Corporation Limited,Delisted,Engineering,2.00,26.375,wwipl,2023-09-09
Sigachi Laboratories Limited,Illiquid/unquoted,Pharma,39.00,26.337,wwipl,2023-09-09
Sistema Smart Technologies Limited,Unlisted,Telecomm,0.11,26.335,wwipl,2023-09-09
Ganodaya Finlease Limited,Illiquid/unquoted,NBFC,39.15,25.448,wwipl,2023-09-09
LCC Infotech Limited,Delisted,"IT, Software",2.00,25.319,wwipl,2023-09-09
Ashapura Intimates Fashion Limited,Suspended,"Textiles, Yarn, Cotton & Spinning",10.01,25.237,wwipl,2023-09-09
Dr Fresh Assets Limited,Illiquid/unquoted,Real Estate,45.00,24.596,wwipl,2023-09-09
Medexport India Limited,Illiquid/unquoted,Trading,35.00,24.500,wwipl,2023-09-09
Kwality Limited,Suspended,FMCG,1.00,24.135,wwipl,2023-09-09
Hardoli Paper Mills Limited,Illiquid/unquoted,Paper,89.00,23.961,wwipl,2023-09-09
Intertec Technologies Limited,Illiquid/unquoted,Miscellaneous,31.35,23.703,wwipl,2023-09-09
The Birla Cotton Spinning and Weaving Mills Limited,Illiquid/unquoted,"Textiles, Yarn, Cotton & Spinning",205.00,23.456,wwipl,2023-09-09
Rajparis Civil Constructions Limited,Illiquid/unquoted,Real Estate,57.25,23.348,wwipl,2023-09-09
Kashipur Holdings Limited,Unlisted,Miscellaneous,100.00,22.772,wwipl,2023-09-09
B S Refrigerators Limited,Delisted,Consumer Durable,10.00,22.593,wwipl,2023-09-09
Chitrakut Holdings Limited,Illiquid/unquoted,Financial Service,30.40,22.253,wwipl,2023-09-09
Jardine Henderson Limited,Unlisted,Miscellaneous,"1,100.00",22.000,wwipl,2023-09-09
Indo Alusys Industries Limited,Unlisted,Metal,25.75,21.908,wwipl,2023-09-09
New Chumta  Tea Company limited,Unlisted,"Tea, Coffee & Plantation",100.00,21.400,wwipl,2023-09-09
Ranicherra Tea Company  Limited,Unlisted,"Tea, Coffee & Plantation",82.00,21.320,wwipl,2023-09-09
Rainbow Papers Limited,Suspended,Paper,2.00,21.243,wwipl,2023-09-09
Bharat NRE Coke Limited,Delisted,Mining & Minerals,1.00,21.169,wwipl,2023-09-09
Bil Energy Systems Ltd,Suspended,Power & Electricity,1.00,21.142,wwipl,2023-09-09
Arcotech Limited,Suspended,Metal,2.00,21.000,wwipl,2023-09-09
The Delhi Safe Deposit Company Limited,Illiquid/unquoted,Other,40.00,20.892,wwipl,2023-09-09
Akash Agro Industries Limited,Illiquid/unquoted,Agriculture & Agro Products,50.60,20.699,wwipl,2023-09-09
Pearl Apartments Limited,Illiquid/unquoted,Miscellaneous,411.90,20.595,wwipl,2023-09-09
Cyber Media Research and Services Limited,Pre IPO,Media,190.00,20.305,wwipl,2023-09-09
Jotindra Steel And Tubes Limited,Illiquid/unquoted,Real Estate,41.00,19.978,wwipl,2023-09-09
Amitabh Bachchan Corporation Pvt Ltd,Unlisted,Entertainment,4.00,19.509,wwipl,2023-09-09
Reliance Mediaworks Limited,Delisted,Media,1.00,19.321,wwipl,2023-09-09
Sangrahalaya Timber and Crafts Limited,Illiquid/unquoted,Financial Service,9.25,18.509,wwipl,2023-09-09
The Nelliampathy Tea and Produce Company Limited,Unlisted,"Tea, Coffee & Plantation",370.00,18.102,wwipl,2023-09-09
Kumar Autocast Limited,Illiquid/unquoted,Casting & Forgings,17.15,17.791,wwipl,2023-09-09
Haldia Petrochemicals Limited,Unlisted,"Energy, Oil & Gas",0.10,16.879,wwipl,2023-09-09
JVL Agro Industries Limited,Suspended,Agro Products,1.00,16.794,wwipl,2023-09-09
Swati Projects Limited,Illiquid/unquoted,Financial Service,16.01,16.170,wwipl,2023-09-09
Madbow Ventures Limited,Unlisted,Retail,34.00,15.980,wwipl,2023-09-09
Peirce Leslie India Limited,Unlisted,Service,52.00,15.905,wwipl,2023-09-09
Patels Airflow Limited,Unlisted,Other,70.00,15.751,wwipl,2023-09-09
Starlite Global Enterprises India Limited,Illiquid/unquoted,Real Estate,38.85,15.434,wwipl,2023-09-09
Pact Industries Limited,Illiquid/unquoted,"Textiles, Yarn, Cotton & Spinning",2.75,15.237,wwipl,2023-09-09
Merit Credit Corporation Limited,Illiquid/unquoted,Financial Service,24.70,14.820,wwipl,2023-09-09
Lakshmi Energy and Foods Limited,Suspended,Food & Drinks,2.00,14.726,wwipl,2023-09-09
The Methoni Tea Company Limited,Unlisted,Hotel or Catering,162.00,14.710,wwipl,2023-09-09
OCL Iron And Steel Ltd,Suspended,"Metal, Steel & Iron",1.00,14.531,wwipl,2023-09-09
Sterling Estates and Properties Limited,Illiquid/unquoted,Real Estate,43.85,14.471,wwipl,2023-09-09
Hindustan Dorr Oliver Limited,Delisted,Construction,2.00,14.401,wwipl,2023-09-09
Metkore Alloys  and  Industries Limited,Suspended,Metal,2.00,14.085,wwipl,2023-09-09
Dewas Metal Sections Limited,Unlisted,"Metal, Steel & Iron",45.00,13.995,wwipl,2023-09-09
Agarwal Duplex Board Mills Limited,Illiquid/unquoted,Paper,1.00,13.500,wwipl,2023-09-09
Birla Cotsyn India Limited,Delisted,"Textiles, Yarn, Cotton & Spinning",0.05,13.433,wwipl,2023-09-09
Tunwal E Motors Private Limited,Unlisted,Other,130.00,13.374,wwipl,2023-09-09
Virat Leasing Limited,Delisted,Investment & Holding,10.10,13.110,wwipl,2023-09-09
Vijay Shanthi Builders Limited,Delisted,Real Estate,5.00,13.094,wwipl,2023-09-09
Arraycom India Limited,Unlisted,Other,26.10,13.050,wwipl,2023-09-09
Silicon Valley Infotech Limited,Delisted,"IT, Software",1.00,12.968,wwipl,2023-09-09
Reliance Broadcast Network Limited,Delisted,Media,0.10,12.795,wwipl,2023-09-09
Silverline Technologies Limited,Delisted,"IT, Software",2.10,12.597,wwipl,2023-09-09
East West Hotels Limited,Unlisted,Hotel or Catering,350.00,12.469,wwipl,2023-09-09
Rathi Industries Limited,Illiquid/unquoted,"Metal, Steel & Iron",19.00,12.274,wwipl,2023-09-09
Meenakshi Mercantiles Limited,Illiquid/unquoted,Financial Service,10.00,12.239,wwipl,2023-09-09
Sangameshwar Coffee Estates Limited,Unlisted,"Tea, Coffee & Plantation",95.00,11.991,wwipl,2023-09-09
Central Cables Limited,Illiquid/unquoted,Cables,73.20,11.895,wwipl,2023-09-09
High Ground Enterprise Limited,Suspended,Engineering,1.00,11.512,wwipl,2023-09-09
Manpasand Beverages Limited,Suspended,Other,1.00,11.446,wwipl,2023-09-09
MPL Enterprises Limited,Unlisted,NBFC,39.80,11.304,wwipl,2023-09-09
Cremica Agro Foods Limited,Illiquid/unquoted,Food & Drinks,25.10,11.284,wwipl,2023-09-09
Kirti Investments Limited,Illiquid/unquoted,Investment & Holding,5.00,11.000,wwipl,2023-09-09
Robert Resources Limited,Illiquid/unquoted,Trading,10.70,10.962,wwipl,2023-09-09
Steadfast Corporation Limited,Illiquid/unquoted,Miscellaneous,14.91,10.632,wwipl,2023-09-09
Balaji Agro Oils Limited,Illiquid/unquoted,Agro Products,10.05,10.630,wwipl,2023-09-09
Visisth Chay Vyapar Limited,Illiquid/unquoted,Financial Service,5.30,10.599,wwipl,2023-09-09
Kesoram Textile Mills Limited,Illiquid/unquoted,"Textiles, Yarn, Cotton & Spinning",2.01,10.509,wwipl,2023-09-09
Deepjyoti Textiles Limited,Illiquid/unquoted,"Textiles, Yarn, Cotton & Spinning",20.80,10.421,wwipl,2023-09-09
Gemini Communication Limited,Delisted,"IT, Software",1.00,10.415,wwipl,2023-09-09
SSF Limited,Illiquid/unquoted,Retail,15.50,10.318,wwipl,2023-09-09
Ace Exports Limited,Illiquid/unquoted,Footwear,19.00,10.246,wwipl,2023-09-09
India Stuffyarn Limited,Illiquid/unquoted,Trading,180.00,10.224,wwipl,2023-09-09
AKS Credits Limited,Illiquid/unquoted,Financial Service,9.15,10.065,wwipl,2023-09-09
The Bormah Jan Tea Company 1936 Limited,Unlisted,Agriculture & Agro Products,800.00,10.000,wwipl,2023-09-09
John Oakey And Mohan Limited,Unlisted,Forestry & Wood,205.00,9.917,wwipl,2023-09-09
Auckland Jute Co Limited,Unlisted,Other,36.00,9.883,wwipl,2023-09-09
Balanoor Plantations and Industries Limited,Unlisted,"Tea, Coffee & Plantation",160.00,9.868,wwipl,2023-09-09
DHSL Textiles India Limited,Illiquid/unquoted,"Textiles, Yarn, Cotton & Spinning",19.55,9.771,wwipl,2023-09-09
Shah Construction Company Limited,Delisted,Construction,600.00,9.675,wwipl,2023-09-09
CKP Leisure Limited,Suspended,Hotel or Catering,10.00,9.634,wwipl,2023-09-09
ICSA India Limited,Suspended,"IT, Software",2.00,9.628,wwipl,2023-09-09
RK Manufacturing Company Limited,Illiquid/unquoted,Metal,10.00,9.586,wwipl,2023-09-09
Cura Technologies Limited,Suspended,"IT, Software",10.00,9.555,wwipl,2023-09-09
Jagat Trading Enterprises Limited,Illiquid/unquoted,Trading,18.70,9.503,wwipl,2023-09-09
AKC Steel Industries Limited,Unlisted,"Metal, Steel & Iron",30.00,9.501,wwipl,2023-09-09
Calcutta Security Printers Limited,Delisted,Printing & Stationery,220.00,9.460,wwipl,2023-09-09
Haileyburia Tea Estates Limited,Unlisted,"Tea, Coffee & Plantation",60.00,9.450,wwipl,2023-09-09
Pace Automation Limited,Illiquid/unquoted,"IT, Software",10.00,9.448,wwipl,2023-09-09
Ganon Products Limited,Delisted,Other,10.00,9.331,wwipl,2023-09-09
Pincon Spirit Limited,Suspended,Breweries & Distilleries,2.10,9.258,wwipl,2023-09-09
Shakumbhri Pulp and Paper Mills Limited,Illiquid/unquoted,Paper,23.60,9.098,wwipl,2023-09-09
Rushabh Precision Bearings Limited,Suspended,Auto Ancillaries,10.00,9.000,wwipl,2023-09-09
Progressive Finlease Limited,Illiquid/unquoted,Financial Service,10.00,8.947,wwipl,2023-09-09
Bombay Gas Company Limited,Unlisted,GAS,11.01,8.808,wwipl,2023-09-09
Crescent Finstock Limited,Illiquid/unquoted,Financial Service,12.00,8.668,wwipl,2023-09-09
Artedz Fabs Limited,Suspended,"Textiles, Yarn, Cotton & Spinning",10.00,8.560,wwipl,2023-09-09
Hillridge Investments Limited,Illiquid/unquoted,Financial Service,10.00,8.500,wwipl,2023-09-09
Ranjan Polysters Limited,Illiquid/unquoted,"Textiles, Yarn, Cotton & Spinning",28.25,8.478,wwipl,2023-09-09
Eon Electric Limited,Suspended,Electricals,5.00,8.451,wwipl,2023-09-09
Midland Services Limited,Illiquid/unquoted,Service,26.40,8.447,wwipl,2023-09-09
Federal Mogul Anand Sealings India Limited,Unlisted,Auto Ancillaries,10.00,8.334,wwipl,2023-09-09
Stanes Amalgamated Estates Limited,Unlisted,Other,75.00,8.306,wwipl,2023-09-09
Cals Refineries Limited,Delisted,"Energy, Oil & Gas",0.01,8.294,wwipl,2023-09-09
DTL India Holdings Limited,Illiquid/unquoted,Metal,75.75,8.233,wwipl,2023-09-09
Genesis Developers And Holdings Limited,Illiquid/unquoted,Financial Service,10.00,8.165,wwipl,2023-09-09
The Puthutotam Estates 1943 Limited,Unlisted,"Tea, Coffee & Plantation",770.00,8.085,wwipl,2023-09-09
Dr M Induscorp Limited,Illiquid/unquoted,Trading,10.00,7.560,wwipl,2023-09-09
Bansal Multiflex Limited,Suspended,Trading,10.00,7.410,wwipl,2023-09-09
Kothari Safe Deposits Limited,Unlisted,Other,110.00,7.402,wwipl,2023-09-09
The Canara Workshops Limited,Unlisted,Auto Components,50.00,7.350,wwipl,2023-09-09
IMC Limited,Delisted,Transport,10.00,7.238,wwipl,2023-09-09
Satya Shyam Trading Limited,Illiquid/unquoted,Trading,22.65,7.221,wwipl,2023-09-09
ZR Infra Limited,Illiquid/unquoted,Real Estate,6.15,7.128,wwipl,2023-09-09
Nandini Texcom India Limited,Illiquid/unquoted,"Textiles, Yarn, Cotton & Spinning",14.00,7.000,wwipl,2023-09-09
Asianlakto Industries Limited,Illiquid/unquoted,Food & Drinks,11.00,6.919,wwipl,2023-09-09
Twenty First Century India Limited,Illiquid/unquoted,Investment & Holding,1.00,6.907,wwipl,2023-09-09
Accuvant Advisory Services Limited,Illiquid/unquoted,Financial Service,10.15,6.889,wwipl,2023-09-09
Ojswi Trades Investment And Finance Limited,Illiquid/unquoted,Financial Service,10.00,6.750,wwipl,2023-09-09
Aggarsain Spinners Limited,Illiquid/unquoted,"Textiles, Yarn, Cotton & Spinning",19.20,6.726,wwipl,2023-09-09
Bharat Ekansh Limited,Illiquid/unquoted,Financial Service,13.35,6.675,wwipl,2023-09-09
Ashoka Viniyoga Limited,Unlisted,Investment & Holding,100.00,6.424,wwipl,2023-09-09
Budge Budge Company Ltd,Delisted,"Textiles, Yarn, Cotton & Spinning",10.00,6.382,wwipl,2023-09-09
Bharat Bio Gas Energy Limited,Unlisted,GAS,10.00,6.250,wwipl,2023-09-09
Shradha Industries Limited,Illiquid/unquoted,"IT, Software",49.85,6.201,wwipl,2023-09-09
Agarwal Bolts Limited,Unlisted,Equipment,"1,200.00",6.000,wwipl,2023-09-09
Ankur Marketing Limited,Illiquid/unquoted,Financial Service,20.00,6.000,wwipl,2023-09-09
PHF Leasing Limited,Illiquid/unquoted,Real Estate,17.00,5.916,wwipl,2023-09-09
Rampur Fertilizers Limited,Illiquid/unquoted,Fertilisers,11.95,5.913,wwipl,2023-09-09
Maryada Commercial Enterprises and Investment Co Ltd,Illiquid/unquoted,Financial Service,46.45,5.783,wwipl,2023-09-09
JDS Finance Company Limited,Illiquid/unquoted,Financial Service,10.00,5.735,wwipl,2023-09-09
Purbasha Resources Limited,Unlisted,Investment & Holding,19.00,5.702,wwipl,2023-09-09
Adventz Securities Enterprises Limited,Illiquid/unquoted,Financial Service,10.00,5.628,wwipl,2023-09-09
Aashrit Capital Limited,Illiquid/unquoted,Financial Service,5.00,5.601,wwipl,2023-09-09
Milton Cycle Industries Limited,Unlisted,Other,132.00,5.544,wwipl,2023-09-09
Quality Synthetic Industries Limited,Illiquid/unquoted,Financial Service,10.00,5.500,wwipl,2023-09-09
I Secure Credit and Capital Services Limited,Illiquid/unquoted,Financial Service,10.00,5.433,wwipl,2023-09-09
JCK Infrastructure Development Limited,Illiquid/unquoted,Infrastructure,13.00,5.417,wwipl,2023-09-09
Hind Ispat Limited,Illiquid/unquoted,"Textiles, Yarn, Cotton & Spinning",2.10,5.395,wwipl,2023-09-09
Goldedge Estate And Investments Limited,Illiquid/unquoted,Financial Service,10.50,5.379,wwipl,2023-09-09
Newlink Overseas Finance Limited,Unlisted,Financial Service,10.00,5.301,wwipl,2023-09-09
Accentia Technologies Limited,Delisted,"IT, Software",3.11,5.295,wwipl,2023-09-09
Lark Trading and Finance Limited,Illiquid/unquoted,Trading,10.00,5.260,wwipl,2023-09-09
National Cereals Products limited,Unlisted,Food & Drinks,39.50,5.192,wwipl,2023-09-09
Indu Engineering And Textiles Limited,Illiquid/unquoted,"Textiles, Yarn, Cotton & Spinning",10.00,5.145,wwipl,2023-09-09
Rich N Rich Finance And Holdings Limited,Illiquid/unquoted,Financial Service,10.10,5.050,wwipl,2023-09-09
N E Electronics Limited,Illiquid/unquoted,Electronics,1.00,5.001,wwipl,2023-09-09
Konark Commercial Limited,Illiquid/unquoted,Financial Service,10.00,5.000,wwipl,2023-09-09
USS Global Limited,Illiquid/unquoted,Real Estate,10.00,5.000,wwipl,2023-09-09
Pushkar Banijya Limited,Illiquid/unquoted,NBFC,10.01,4.984,wwipl,2023-09-09
Centron Industrial Alliance Limited,Illiquid/unquoted,Other,0.50,4.980,wwipl,2023-09-09
Sri Narayan Raj Kumar Merchants Limited,Illiquid/unquoted,"Metal, Steel & Iron",10.00,4.979,wwipl,2023-09-09
Sun Finlease Gujarat Limited,Illiquid/unquoted,Financial Service,16.25,4.929,wwipl,2023-09-09
Vadilal Chemicals Limited,Unlisted,Chemical,10.00,4.874,wwipl,2023-09-09
Sidh Management Corporate Services Limited,Illiquid/unquoted,Financial Service,23.00,4.870,wwipl,2023-09-09
Amarkantak Traders Limited,Illiquid/unquoted,Service,11.95,4.508,wwipl,2023-09-09
Skybox Industries Limited formerly smart cap Service ltd,Illiquid/unquoted,Miscellaneous,10.00,4.501,wwipl,2023-09-09
Sarnimal Investment Limited,Illiquid/unquoted,Investment & Holding,1.00,4.498,wwipl,2023-09-09
Tulya Alloy Castings Limited,Unlisted,"Metal, Steel & Iron",10.01,4.456,wwipl,2023-09-09
Mcdowell Holdings Limited,Delisted,Financial Service,3.01,4.212,wwipl,2023-09-09
CKP Products Limited,Suspended,FMCG,10.00,4.023,wwipl,2023-09-09
Hilltone Software and Gases Limited,Unlisted,GAS,10.00,4.000,wwipl,2023-09-09
Krimy Biscuits and Chemical Industries Limited,Illiquid/unquoted,Chemical,10.00,3.930,wwipl,2023-09-09
Kamini Finance and Investment Company Limited,Illiquid/unquoted,Financial Service,3.25,3.901,wwipl,2023-09-09
Sophia Exports Limited,Illiquid/unquoted,Miscellaneous,10.00,3.854,wwipl,2023-09-09
Maxplus Logistics Limited,Illiquid/unquoted,Transport,10.00,3.834,wwipl,2023-09-09
Skyline India Limited,Illiquid/unquoted,Trading,8.95,3.812,wwipl,2023-09-09
Carbo Ceramics Limited,Unlisted,Miscellaneous,40.00,3.760,wwipl,2023-09-09
Reliance Polycrete Limited,Illiquid/unquoted,Mining & Minerals,10.00,3.711,wwipl,2023-09-09
Amrit Agro Industries Limited,Unlisted,FMCG,10.00,3.665,wwipl,2023-09-09
Bellary Steels and Alloys Limited,Delisted,"Metal, Steel & Iron",0.05,3.657,wwipl,2023-09-09
Mountain Spinning Mills Limited,Unlisted,Cotton,10.00,3.620,wwipl,2023-09-09
Zel Jewellers Limited,Illiquid/unquoted,FMCG,10.00,3.550,wwipl,2023-09-09
Roadways India Limited,Illiquid/unquoted,Transport,10.00,3.520,wwipl,2023-09-09
Hindustan Auto Finance Limited,Illiquid/unquoted,Financial Service,10.00,3.503,wwipl,2023-09-09
PIH Finvest Company Limited,Unlisted,Financial Service,39.10,3.411,wwipl,2023-09-09
Madhya Bharat Papers Limited,Unlisted,Paper,10.00,3.410,wwipl,2023-09-09
Opal Luxury Time Products Limited,Suspended,Miscellaneous,10.00,3.359,wwipl,2023-09-09
Jain Farms Palm Oil Limited,Illiquid/unquoted,FMCG,11.15,3.345,wwipl,2023-09-09
Parijat Paper Mills Limited,Illiquid/unquoted,Paper,10.00,3.290,wwipl,2023-09-09
New Era Alkaloids and Export Limited,Illiquid/unquoted,Chemical,10.00,3.284,wwipl,2023-09-09
Nitu Trading Company Limited,Illiquid/unquoted,Trading,10.00,3.275,wwipl,2023-09-09
Atlas Cycles Haryana Ltd,Suspended,FMCG,5.00,3.252,wwipl,2023-09-09
Fiber Plus Industries Limited,Illiquid/unquoted,Miscellaneous,10.00,3.248,wwipl,2023-09-09
RR Corporate Securities Limited,Illiquid/unquoted,Financial Service,10.00,3.200,wwipl,2023-09-09
Vadilal Dairy International Limited,Delisted,Dairy,10.00,3.194,wwipl,2023-09-09
Austral Coke and Projects Limited,Suspended,Metal,0.11,3.193,wwipl,2023-09-09
Ritman Infra Limited,Illiquid/unquoted,Real Estate,10.00,3.193,wwipl,2023-09-09
Technical Associates Infrapower Limited,Illiquid/unquoted,Engineering,5.30,3.180,wwipl,2023-09-09
Regal Enterprises Limited,Illiquid/unquoted,Miscellaneous,10.00,3.165,wwipl,2023-09-09
Prabhat Securities Limited,Illiquid/unquoted,Financial Service,10.80,3.132,wwipl,2023-09-09
Aurum Capital Projects Limited,Illiquid/unquoted,Financial Service,9.70,3.114,wwipl,2023-09-09
Tarangini Investments Limited,Illiquid/unquoted,Investment & Holding,1.00,3.106,wwipl,2023-09-09
River Front Hotels Limited,Illiquid/unquoted,Hotel or Catering,10.30,3.098,wwipl,2023-09-09
Encore Business System Limited,Illiquid/unquoted,Miscellaneous,10.00,3.097,wwipl,2023-09-09
Gracious Vanijya Limited,Illiquid/unquoted,Financial Service,13.50,3.084,wwipl,2023-09-09
Jain Farms And Resorts Limited,Illiquid/unquoted,Real Estate,10.25,3.075,wwipl,2023-09-09
Grand Foundry Ltd,Delisted,"Metal, Steel & Iron",1.01,3.073,wwipl,2023-09-09
Lingapur Estates Limited,Unlisted,"Tea, Coffee & Plantation",20.00,3.068,wwipl,2023-09-09
RCS Financial Technology Limited,Illiquid/unquoted,Financial Service,10.00,3.065,wwipl,2023-09-09
Slesha Commercial Limited,Illiquid/unquoted,Financial Service,10.00,3.049,wwipl,2023-09-09
Sicom Limited,Unlisted,NBFC,0.50,3.038,wwipl,2023-09-09
Amrit India Limited,Illiquid/unquoted,Service,10.00,3.038,wwipl,2023-09-09
Samyak Corporation Limited,Illiquid/unquoted,Financial Service,9.95,3.034,wwipl,2023-09-09
Kiranglobal Business Investment Limited,Illiquid/unquoted,Financial Service,10.00,3.022,wwipl,2023-09-09
Kumar Food Industries Limited,Illiquid/unquoted,FMCG,10.00,3.000,wwipl,2023-09-09
Fedders Electric and Engineering Limited,Suspended,Engineering,0.10,3.000,wwipl,2023-09-09
Nakoda Limited,Suspended,"Textiles, Yarn, Cotton & Spinning",0.01,3.000,wwipl,2023-09-09
Ellora Traders Limited,Illiquid/unquoted,Financial Service,10.00,2.992,wwipl,2023-09-09
Baghmari Tea Co Ltd,Unlisted,Other,90.00,2.970,wwipl,2023-09-09
Udaipur Cotton Mills Company Limited,Illiquid/unquoted,"Textiles, Yarn, Cotton & Spinning",10.00,2.929,wwipl,2023-09-09
Greenearth Resources And Projects Limited,Delisted,Mining & Minerals,0.10,2.903,wwipl,2023-09-09
Supraneet Finance and Consultants Limited,Illiquid/unquoted,Financial Service,10.00,2.877,wwipl,2023-09-09
The Teloijan Tea Company Limited,Unlisted,"Tea, Coffee & Plantation",160.00,2.870,wwipl,2023-09-09
SNS Laboratories Limited,Illiquid/unquoted,Financial Service,10.00,2.863,wwipl,2023-09-09
KRA Leasing Limited,Illiquid/unquoted,Financial Service,2.05,2.750,wwipl,2023-09-09
Celestial Biolabs Limited,Suspended,Pharma,1.21,2.733,wwipl,2023-09-09
JRD Finance Limited,Illiquid/unquoted,Financial Service,10.00,2.720,wwipl,2023-09-09
Distinctive Properties and Leasing Ltd,Illiquid/unquoted,Real Estate,26.85,2.678,wwipl,2023-09-09
Amarawati Tea Co Ltd,Unlisted,Other,"2,200.00",2.640,wwipl,2023-09-09
Indo Bonito Multinational Limited,Delisted,Financial Service,1.00,2.494,wwipl,2023-09-09
Hirajuli Tea Company Limited,Unlisted,"Tea, Coffee & Plantation",160.00,2.450,wwipl,2023-09-09
Ace Stone Craft Limited,Illiquid/unquoted,Ceramics & Granite,1.04,2.443,wwipl,2023-09-09
Valecha Engineering Limited,Suspended,Engineering,1.05,2.366,wwipl,2023-09-09
Thanjavur Spinning Mill Limited,Unlisted,"Textiles, Yarn, Cotton & Spinning",20.05,2.353,wwipl,2023-09-09
Brisk Services Limited,Illiquid/unquoted,Service,31.00,2.309,wwipl,2023-09-09
Mrigaya Estate And Finance Limited,Illiquid/unquoted,Financial Service,14.45,2.211,wwipl,2023-09-09
Spangle Marketing Limited,Illiquid/unquoted,Financial Service,10.00,2.202,wwipl,2023-09-09
Dhelakhat Tea Co Ltd,Unlisted,Other,55.00,2.160,wwipl,2023-09-09
Purity Flexpack Limited,Illiquid/unquoted,Packaging,20.00,2.147,wwipl,2023-09-09
Birla Power Solution Limited,Delisted,Electric Equipment,0.01,2.135,wwipl,2023-09-09
Nidhi Services Limited,Illiquid/unquoted,Service,14.02,2.103,wwipl,2023-09-09
Kalyani Tea Co Limited,Unlisted,"Tea, Coffee & Plantation",210.00,2.075,wwipl,2023-09-09
Associated Ceramics Limited,Delisted,Engineering,10.00,2.045,wwipl,2023-09-09
E L Forge Limited,Delisted,"Metal, Steel & Iron",1.00,2.032,wwipl,2023-09-09
Eastern Dooars Tea Co ltd,Illiquid/unquoted,"Tea, Coffee & Plantation",101.00,2.020,wwipl,2023-09-09
Saanvi Advisors Limited,Illiquid/unquoted,Financial Service,10.00,2.011,wwipl,2023-09-09
Capital Finvest Limited,Illiquid/unquoted,Financial Service,10.00,2.000,wwipl,2023-09-09
Amar Vanijya Limited,Illiquid/unquoted,Miscellaneous,10.00,1.992,wwipl,2023-09-09
Pillar Investment Company Limited,Illiquid/unquoted,Investment & Holding,10.00,1.985,wwipl,2023-09-09
P R Holdings Limited,Illiquid/unquoted,Real Estate,10.00,1.890,wwipl,2023-09-09
Malankara Plantations Limited,Unlisted,"Tea, Coffee & Plantation",51.00,1.843,wwipl,2023-09-09
Kanco Enterprises Limited,Delisted,Cotton,1.00,1.793,wwipl,2023-09-09
Gujarat Wedge Wire Screens Limited,Delisted,Miscellaneous,20.00,1.645,wwipl,2023-09-09
Ritz Mercantile Limited,Illiquid/unquoted,Financial Service,15.25,1.601,wwipl,2023-09-09
Sharp Commercial Enterprises Limited,Illiquid/unquoted,Retail,10.00,1.590,wwipl,2023-09-09
Simplex Projects Limited,Suspended,Engineering,1.20,1.512,wwipl,2023-09-09
Alchemist Limited,Suspended,Miscellaneous,1.11,1.505,wwipl,2023-09-09
Nidhan Commercial Company Ltd,Illiquid/unquoted,Miscellaneous,50.40,1.504,wwipl,2023-09-09
Electra Jaipur Limited,Illiquid/unquoted,Electricals,10.00,1.496,wwipl,2023-09-09
Be Swasth Healthcare Limited,Illiquid/unquoted,Healthcare,13.25,1.483,wwipl,2023-09-09
Jeco Exports And Finance Limited,Illiquid/unquoted,Financial Service,10.00,1.482,wwipl,2023-09-09
Uttaranchal Leasing Limited,Illiquid/unquoted,Financial Service,10.10,1.414,wwipl,2023-09-09
Uddhav Properties Limited,Illiquid/unquoted,Financial Service,10.00,1.410,wwipl,2023-09-09
SNS Diagnostics Limited,Illiquid/unquoted,Financial Service,10.00,1.350,wwipl,2023-09-09
Mangalam Engineering Projects Limited,Illiquid/unquoted,Financial Service,10.10,1.237,wwipl,2023-09-09
Aditri Industries Limited,Illiquid/unquoted,"Textiles, Yarn, Cotton & Spinning",0.96,1.197,wwipl,2023-09-09
Denim Developers Limited,Illiquid/unquoted,Real Estate,1.10,1.168,wwipl,2023-09-09
SAB Electronic Devices Limited,Illiquid/unquoted,Electronics,10.00,1.160,wwipl,2023-09-09
Impala Industrial Enterprises Limited,Illiquid/unquoted,Financial Service,1.05,1.155,wwipl,2023-09-09
Abhinandan Enterprises Limited,Illiquid/unquoted,Financial Service,10.00,1.155,wwipl,2023-09-09
Avail Holding Limited,Illiquid/unquoted,Real Estate,10.00,1.150,wwipl,2023-09-09
Devrup Trading Limited,Illiquid/unquoted,Financial Service,10.00,1.130,wwipl,2023-09-09
Technofab Engineering Ltd,Suspended,Engineering,1.05,1.101,wwipl,2023-09-09
Nawratan Arts Limited,Illiquid/unquoted,Trading,10.00,1.100,wwipl,2023-09-09
Basant India Limited,Illiquid/unquoted,Financial Service,1.05,1.083,wwipl,2023-09-09
Blue Blends India Limited,Suspended,"Textiles, Yarn, Cotton & Spinning",0.50,1.083,wwipl,2023-09-09
Shri Gurudev En Trade Limited,Illiquid/unquoted,Financial Service,10.00,1.076,wwipl,2023-09-09
PB Global Limited,Delisted,Pesticides,10.00,1.050,wwipl,2023-09-09
The Southern Gas Limited,Unlisted,GAS,451.00,1.015,wwipl,2023-09-09
Bhairav Enterprises Limited,Illiquid/unquoted,Financial Service,10.00,1.000,wwipl,2023-09-09
Fortune Industrial Resources Limited,Illiquid/unquoted,Financial Service,10.00,1.000,wwipl,2023-09-09
Rishabh Enterprises Limited,Illiquid/unquoted,Financial Service,10.00,1.000,wwipl,2023-09-09
Shreyans Financial And Capital Services Limited,Illiquid/unquoted,Financial Service,10.00,1.000,wwipl,2023-09-09
SNS Properties And Leasing Limited,Illiquid/unquoted,Real Estate,10.00,1.000,wwipl,2023-09-09
Skyweb Infotech Limited,Illiquid/unquoted,"IT, Software",10.00,1.000,wwipl,2023-09-09
Premium Merchants Limited,Illiquid/unquoted,Trading,10.00,0.998,wwipl,2023-09-09
Dhaval Exports Limited,Illiquid/unquoted,"Textiles, Yarn, Cotton & Spinning",10.00,0.996,wwipl,2023-09-09
Infinium Precious Resources Limited,Illiquid/unquoted,Precious Metals,1.00,0.961,wwipl,2023-09-09
Porsche Capital Market Limited,Illiquid/unquoted,Financial Service,0.50,0.948,wwipl,2023-09-09
Teesta Valley Tea Company Limited,Unlisted,Agriculture & Agro Products,63.00,0.945,wwipl,2023-09-09
Winmore Leasing And Holdings Limited,Illiquid/unquoted,Investment & Holding,9.20,0.919,wwipl,2023-09-09
Emrald Commercial Limited,Illiquid/unquoted,Financial Service,0.21,0.916,wwipl,2023-09-09
Associated Finman Limited,Illiquid/unquoted,"Textiles, Yarn, Cotton & Spinning",10.00,0.905,wwipl,2023-09-09
Arcuttipore Tea Company Limited,Delisted,"Tea, Coffee & Plantation",1.80,0.903,wwipl,2023-09-09
Reliance Infotek Limited,Illiquid/unquoted,Trading,1.00,0.900,wwipl,2023-09-09
NMS Resources Global Limited,Illiquid/unquoted,Service,2.85,0.857,wwipl,2023-09-09
N K Textile Industries Limited,Illiquid/unquoted,"Textiles, Yarn, Cotton & Spinning",10.00,0.840,wwipl,2023-09-09
Newage Marketing Limited,Illiquid/unquoted,Healthcare,10.00,0.836,wwipl,2023-09-09
The Arya Vaidya Pharmacy coimbatore Limited,Unlisted,Pharma,1.00,0.823,wwipl,2023-09-09
Molind Engineering Limited,Illiquid/unquoted,Engineering,3.20,0.811,wwipl,2023-09-09
Abhishek Corporation Limited,Suspended,"Textiles, Yarn, Cotton & Spinning",0.50,0.800,wwipl,2023-09-09
Priya International Limited,Illiquid/unquoted,"IT, Software",7.50,0.747,wwipl,2023-09-09
Shree Vijay Industries Limited,Illiquid/unquoted,"Textiles, Yarn, Cotton & Spinning",10.00,0.743,wwipl,2023-09-09
Atlantic Commercial Company Limited,Illiquid/unquoted,Miscellaneous,10.00,0.735,wwipl,2023-09-09
Sunita Bonds and Holdings Limited,Illiquid/unquoted,Investment & Holding,10.00,0.695,wwipl,2023-09-09
Gaylord Commercial Company Limited,Illiquid/unquoted,Financial Service,10.00,0.640,wwipl,2023-09-09
Apeejay Tea Limited,Delisted,"Tea, Coffee & Plantation",101.00,0.621,wwipl,2023-09-09
Castle Traders Limited,Illiquid/unquoted,Financial Service,25.00,0.613,wwipl,2023-09-09
MVL Limited,Suspended,Real Estate,0.01,0.601,wwipl,2023-09-09
Gitanjali Gems Limited,Suspended,Miscellaneous,0.05,0.573,wwipl,2023-09-09
Shilpi Cable Technologies Limited,Delisted,Cables,0.05,0.553,wwipl,2023-09-09
Supreme Commercial Enterprises Limited,Illiquid/unquoted,Financial Service,10.00,0.536,wwipl,2023-09-09
KSK Energy Ventures Limited,Suspended,Power & Electricity,0.01,0.424,wwipl,2023-09-09
DQ Entertainment  International Limited,Suspended,Entertainment,0.05,0.396,wwipl,2023-09-09
Kabirdas Investments Limited,Illiquid/unquoted,Financial Service,1.00,0.396,wwipl,2023-09-09
Bhagheeratha Engineering Ltd,Delisted,Construction,0.50,0.391,wwipl,2023-09-09
Usher Agro Limited,Delisted,Agriculture & Agro Products,0.05,0.388,wwipl,2023-09-09
TECIL Chemicals And Hydro Power Ltd,Suspended,Chemical,0.20,0.379,wwipl,2023-09-09
Flare Finance India Limited,Illiquid/unquoted,Financial Service,0.20,0.371,wwipl,2023-09-09
Online Information Technologies Limited,Illiquid/unquoted,"IT, Software",0.20,0.319,wwipl,2023-09-09
Entegra Limited,Delisted,Power & Electricity,0.01,0.317,wwipl,2023-09-09
Rathi Steel and Power Limited,Delisted,"Metal, Steel & Iron",0.10,0.313,wwipl,2023-09-09
P K Leasing And Finance Limited,Illiquid/unquoted,Financial Service,1.00,0.311,wwipl,2023-09-09
Twenty First  Century Securities Limited,Illiquid/unquoted,Service,1.00,0.301,wwipl,2023-09-09
S Kumars Nationwide Limited,Delisted,"Textiles, Yarn, Cotton & Spinning",0.01,0.297,wwipl,2023-09-09
Abacus Computers Limited,Delisted,"IT, Software",1.00,0.285,wwipl,2023-09-09
SRS Limited,Suspended,Miscellaneous,0.01,0.279,wwipl,2023-09-09
Jord Engineers India Limited,Delisted,Engineering,0.10,0.276,wwipl,2023-09-09
Besta Vision Electronics Limited,Illiquid/unquoted,Electric Equipment,0.10,0.271,wwipl,2023-09-09
VHCL Industries Limited,Delisted,Metal,0.01,0.257,wwipl,2023-09-09
Bharati Defence and Infrastructure Limited,Suspended,Shipping,0.05,0.251,wwipl,2023-09-09
Morn Media Limited,Illiquid/unquoted,Publication,5.01,0.251,wwipl,2023-09-09
Lacy Limited,Illiquid/unquoted,FMCG,5.01,0.248,wwipl,2023-09-09
SEMAYA LIMITED,Illiquid/unquoted,Financial Service,9.99,0.248,wwipl,2023-09-09
Anus Laboratories Limited,Delisted,Pharma,0.01,0.242,wwipl,2023-09-09
Moser Baer Limited,Delisted,Renewable Energy,0.01,0.222,wwipl,2023-09-09
Bilpower Limited,Delisted,"Metal, Steel & Iron",0.10,0.210,wwipl,2023-09-09
The Tropical Plantations Limited,Unlisted,"Tea, Coffee & Plantation",10.00,0.200,wwipl,2023-09-09
Resurgere Mines and Minerals Limited,Suspended,Mining & Minerals,0.01,0.199,wwipl,2023-09-09
Girdharilal Sugar and Allied Industries,Delisted,FMCG,0.10,0.192,wwipl,2023-09-09
Pochiraju Industries Limited,Delisted,Miscellaneous,0.10,0.189,wwipl,2023-09-09
Cox and Kings Financial Service Limited,Suspended,Financial Service,0.01,0.177,wwipl,2023-09-09
Euro Ceramics Limited,Suspended,Ceramics & Granite,0.05,0.169,wwipl,2023-09-09
Best and Crompton Engineering Limited,Delisted,Engineering,0.01,0.161,wwipl,2023-09-09
Talwalkars Healthclubs Limited,Suspended,Healthcare,0.05,0.155,wwipl,2023-09-09
Nu Tek India Ltd,Suspended,Telecomm,0.01,0.155,wwipl,2023-09-09
Atcom Technologies Limited,Suspended,Electronics,0.10,0.153,wwipl,2023-09-09
Laffan Software Limited,Illiquid/unquoted,"IT, Software",0.10,0.152,wwipl,2023-09-09
SM Dyechem Limited,Delisted,Dyes & Pigment,0.10,0.148,wwipl,2023-09-09
Eastern Sugar And Industries Ltd,Suspended,Sugar,0.05,0.146,wwipl,2023-09-09
Shirpur Gold Refinery Limited,Suspended,Mining & Minerals,0.05,0.146,wwipl,2023-09-09
Winsome Yarns Limited,Suspended,"Textiles, Yarn, Cotton & Spinning",0.02,0.141,wwipl,2023-09-09
Namaste Exports Limited,Delisted,"Textiles, Yarn, Cotton & Spinning",0.01,0.137,wwipl,2023-09-09
Surana Industries Limited,Delisted,Trading,0.03,0.134,wwipl,2023-09-09
Logic Infotech Limited,Illiquid/unquoted,Financial Service,0.05,0.132,wwipl,2023-09-09
Autoriders Finance Ltd,Delisted,Financial Service,0.10,0.131,wwipl,2023-09-09
Rakan Steels Limited,Illiquid/unquoted,"Metal, Steel & Iron",0.04,0.130,wwipl,2023-09-09
The Kohinoor Tea Co Limited,Unlisted,"Tea, Coffee & Plantation",110.01,0.129,wwipl,2023-09-09
PSL Limited,Suspended,"Metal, Steel & Iron",0.01,0.125,wwipl,2023-09-09
Zicom Electronic Security Systems Ltd,Suspended,Electronics,0.03,0.124,wwipl,2023-09-09
Hanung Toys and Textiles Limited,Delisted,"Textiles, Yarn, Cotton & Spinning",0.04,0.123,wwipl,2023-09-09
Euro Multivision Limited,Suspended,Miscellaneous,0.05,0.119,wwipl,2023-09-09
XL Energy Limited,Suspended,Renewable Energy,0.05,0.114,wwipl,2023-09-09
ABG Shipyard Limited,Delisted,Shipping,0.02,0.108,wwipl,2023-09-09
Macor Packaging Limited,Illiquid/unquoted,Transport,2.10,0.105,wwipl,2023-09-09
Consolidated Fibres And Chemicals Limited,Delisted,Chemical,0.01,0.104,wwipl,2023-09-09
Padmini Technologies Limited,Delisted,Plastic,0.02,0.103,wwipl,2023-09-09
Arihant Classic Finance Limited,Illiquid/unquoted,Financial Service,0.10,0.101,wwipl,2023-09-09
First Winner Industries Limited,Delisted,"Textiles, Yarn, Cotton & Spinning",0.02,0.100,wwipl,2023-09-09
Pushpanjali Realms and Infratech Limited,Suspended,Real Estate,0.10,0.100,wwipl,2023-09-09
Naraingarh Sugar Mills Limited,Delisted,Sugar,0.05,0.095,wwipl,2023-09-09
STI India Ltd,Suspended,"Textiles, Yarn, Cotton & Spinning",0.03,0.087,wwipl,2023-09-09
Samtel Color Limited,Delisted,Electricals,0.01,0.085,wwipl,2023-09-09
Dolphin Offshore Enterprises india limited,Suspended,"Energy, Oil & Gas",0.05,0.084,wwipl,2023-09-09
LML Limited,Delisted,Auto Components,0.01,0.082,wwipl,2023-09-09
Sree Maruthi Marine Industries Limited,Illiquid/unquoted,FMCG,1.05,0.082,wwipl,2023-09-09
Delta Impex Limited,Illiquid/unquoted,Financial Service,1.50,0.081,wwipl,2023-09-09
Value Industries Limited,Suspended,FMCG,0.02,0.078,wwipl,2023-09-09
Vimal Oil And Foods Limited,Suspended,Food & Beverages,0.05,0.075,wwipl,2023-09-09
Vikash Metal And Power Limited,Delisted,Metal,0.01,0.071,wwipl,2023-09-09
Supreme Tex Mart Limited,Delisted,"Textiles, Yarn, Cotton & Spinning",0.01,0.068,wwipl,2023-09-09
Todays Writing Instruments Limited,Delisted,FMCG,0.05,0.064,wwipl,2023-09-09
Hind Syntex Limited,Suspended,"Textiles, Yarn, Cotton & Spinning",0.05,0.064,wwipl,2023-09-09
Talwalkars Better Value Fitness Limited,Suspended,Healthcare,0.02,0.062,wwipl,2023-09-09
Nextgen Animation Mediaa Limited,Delisted,Media,0.01,0.062,wwipl,2023-09-09
Zylog Systems Limited,Suspended,"IT, Software",0.01,0.059,wwipl,2023-09-09
Tulsi Extrusions Limited,Suspended,Plastic,0.02,0.055,wwipl,2023-09-09
Allsoft Corporation Limited,Delisted,Trading,0.05,0.051,wwipl,2023-09-09
Nijjer Agro Foods Limited,Delisted,Agro Products,0.05,0.051,wwipl,2023-09-09
Lamina Foundries Limited,Unlisted,Auto Components,0.11,0.051,wwipl,2023-09-09
Regency World Consulting Limited,Illiquid/unquoted,Media,0.50,0.050,wwipl,2023-09-09
Surana Corporation Limited,Delisted,"Metal, Steel & Iron",0.02,0.049,wwipl,2023-09-09
ITL Finlease and Securities Limited,Illiquid/unquoted,Financial Service,0.10,0.048,wwipl,2023-09-09
Ancient Leasing Finance and Investment Co Limited,Illiquid/unquoted,Financial Service,0.10,0.046,wwipl,2023-09-09
Servalakshmi Paper Limited,Delisted,Paper,0.01,0.043,wwipl,2023-09-09
Zigma Software Limited,Delisted,"IT, Software",0.01,0.042,wwipl,2023-09-09
Motorol Enterprises Limited,Unlisted,Construction,10.00,0.040,wwipl,2023-09-09
ATN International Ltd,Delisted,Financial Service,0.01,0.039,wwipl,2023-09-09
Pretto Leather Industries Limited,Delisted,Leather Products,0.05,0.039,wwipl,2023-09-09
Visu International Limited,Suspended,"IT, Software",0.01,0.038,wwipl,2023-09-09
The Canara Sales Corporation Limited,Unlisted,Miscellaneous,1.10,0.037,wwipl,2023-09-09
Arihant Threads Limited,Delisted,"Textiles, Yarn, Cotton & Spinning",0.01,0.036,wwipl,2023-09-09
Modern Thread Ltd,Suspended,"Textiles, Yarn, Cotton & Spinning",0.01,0.035,wwipl,2023-09-09
Ess Dee Aluminium Limited,Suspended,FMCG,0.01,0.032,wwipl,2023-09-09
City Gold Credit Capital Limited,Illiquid/unquoted,Bank,0.10,0.032,wwipl,2023-09-09
Avro Commercial Company Limited,Illiquid/unquoted,Financial Service,0.10,0.031,wwipl,2023-09-09
Uniworth International Limited,Delisted,Retail,0.02,0.030,wwipl,2023-09-09
Sita Shree Food Products Limited,Suspended,Food & Beverages,0.01,0.028,wwipl,2023-09-09
Amar Remedies Limited,Delisted,FMCG,0.01,0.026,wwipl,2023-09-09
DS Kulkarni Developers Limited,Suspended,Construction,0.01,0.026,wwipl,2023-09-09
Five Core Electronics Limited,Suspended,Electricals,0.02,0.025,wwipl,2023-09-09
Ponni Sugars Orissa Limited,Delisted,Sugar,0.01,0.025,wwipl,2023-09-09
Bhuruka Gases Limited,Delisted,GAS,0.01,0.013,wwipl,2023-09-09
Zenith Infotech Limited,Delisted,"IT, Software",0.01,0.013,wwipl,2023-09-09
Anupama Steel Limited,Illiquid/unquoted,"Metal, Steel & Iron",0.05,0.010,wwipl,2023-09-09
DD Ventures Limited,Illiquid/unquoted,Financial Service,0.10,0.009,wwipl,2023-09-09
The Patna Electric Supply Co Limited,Illiquid/unquoted,Electric Equipment,0.10,0.005,wwipl,2023-09-09
K2 Systems Limited,Illiquid/unquoted,"IT, Software",0.10,0.004,wwipl,2023-09-09
Alacrity Electronics Limited,Delisted,Electronics,0.01,0.003,wwipl,2023-09-09
Morning Glory Leasing And Finance Limited,Illiquid/unquoted,Financial Service,0.10,0.002,wwipl,2023-09-09
Temple Leasing And Finance Limited,Illiquid/unquoted,Financial Service,0.10,0.002,wwipl,2023-09-09
Shinewell Leasing Limited,Illiquid/unquoted,Real Estate,0.10,0.002,wwipl,2023-09-09
Goalpost Industries Limited,Illiquid/unquoted,Leather Products,0.10,0.002,wwipl,2023-09-09
Alirox Abrasives Limited,Illiquid/unquoted,Abrasives,0.10,0.002,wwipl,2023-09-09
Champion Commercial Co Ltd,Illiquid/unquoted,Chemical,0.10,0.002,wwipl,2023-09-09
Ayushman Infratech Limited,Illiquid/unquoted,Financial Service,0.10,0.002,wwipl,2023-09-09
Mayurbhanj Trades And Agencies Limited,Illiquid/unquoted,Trading,0.10,0.002,wwipl,2023-09-09
Soma Papers And Industries Limited,Delisted,Investment & Holding,0.01,0.001,wwipl,2023-09-09
Mashaal Impex Limited,Illiquid/unquoted,Retail,0.05,0.001,wwipl,2023-09-09
Shree Krishna Jute Products Limited,Illiquid/unquoted,"Textiles, Yarn, Cotton & Spinning",0.05,0.001,wwipl,2023-09-09
Buckingham Industries Limited,Illiquid/unquoted,Real Estate,0.05,0.001,wwipl,2023-09-09
Nature India Communique Limited,Illiquid/unquoted,Service,0.05,0.001,wwipl,2023-09-09
Supra Industrial Resources Limited,Illiquid/unquoted,Financial Service,0.01,0.000,wwipl,2023-09-09
Efficient Industrial Finance Limited,Illiquid/unquoted,Financial Service,0.01,0.000,wwipl,2023-09-09
Patback Business Limited,Illiquid/unquoted,Retail,0.01,0.000,wwipl,2023-09-09
Chengmari Tea Company Limited,Unlisted,"Tea, Coffee & Plantation",0.10,0.000,wwipl,2023-09-09
